alias effon Effon Khoo <effon@kakitangan.com>
alias YK Y.K.Goon <yk@kakitangan.com>
alias myro Myro Galavai <myro@kakitangan.com>
alias nizam Nizam Shari <nizamshari@kakitangan.com>
alias ryan Ryan Wong <ryanwong@kakitangan.com>

